id,r1,r2,n,n_unique,unique_frac,max_speedup_if_pure,max_mult,duplicates_rare
i01,SRR1039508_R1.fastq.gz,SRR1039508_R2.fastq.gz,47861,45182,0.944025,1.0593,11,false
i02,SRR1039509_R1.fastq.gz,SRR1039509_R2.fastq.gz,48216,45308,0.939688,1.0642,10,false
i03,SRR1039512_R1.fastq.gz,SRR1039512_R2.fastq.gz,49712,43124,0.867477,1.1528,20,false
i04,SRR1039513_R1.fastq.gz,SRR1039513_R2.fastq.gz,46995,43890,0.933929,1.0707,15,false
i05,SRR948304_R1.fastq.gz,SRR948304_R2.fastq.gz,50000,49452,0.989040,1.0111,13,true
i06,SRR948305_R1.fastq.gz,SRR948305_R2.fastq.gz,50000,47076,0.941520,1.0621,30,false
i07,SRR948306_R1.fastq.gz,SRR948306_R2.fastq.gz,50000,48787,0.975740,1.0249,27,true
i08,SRR948307_R1.fastq.gz,SRR948307_R2.fastq.gz,50000,48922,0.978440,1.0220,72,true
i09,SRR6357070_R1.fastq.gz,SRR6357070_R2.fastq.gz,50000,45693,0.913860,1.0943,26,false
i10,SRR6357071_R1.fastq.gz,SRR6357071_R2.fastq.gz,50000,45984,0.919680,1.0873,14,false
